{
  "gate_values": [0.99999, 0.99142, 0.00234, 0.78787, 0.98462],
  "statistics": {
    "count": 1000,
    "mean": 0.50356,
    "std": 0.49119,
    "min": 0.00007,
    "max": 0.99999
  },
  "distribution": "Beta(α=0.4, β=0.4)"
}